"EPC","Time","Antenna","RSS(dbm)","PhaseAngle(Radian)","PhaseAngle(Degree)","DopplerShift(Hz)","Velocity"
"FFFFFFFFFFFFFFFFE2000005","1448519882273529","1","0","4.27673843662517","245.0390625","0","0"
"FFFFFFFFFFFFFFFFE2000005","1448519882273529","1","0","4.27673843662517","245.0390625","-52","0"
"FFFFFFFFFFFFFFFFE2000005","1448519882273529","1","-60","4.27673843662517","245.0390625","-52","0"
"FFFFFFFFFFFFFFFFE2000005","1448519882321170","1","-60","4.30741805238288","246.796875","-52","0"
"FFFFFFFFFFFFFFFFE2000005","1448519882321170","1","-60","4.30741805238288","246.796875","-221","0"
"FFFFFFFFFFFFFFFFE2000005","1448519882321170","1","-60","4.30741805238288","246.796875","-221","0"
"FFFFFFFFFFFFFFFFE2000005","1448519882583709","1","-60","4.252194744019","243.6328125","-221","0.00672077466428601"
"FFFFFFFFFFFFFFFFE2000005","1448519882583709","1","-60","4.252194744019","243.6328125","-52","0.00672077466428601"
"FFFFFFFFFFFFFFFFE2000005","1448519882583709","1","-59","4.252194744019","243.6328125","-52","0.00672077466428601"
"FFFFFFFFFFFFFFFFE2000005","1448519882630710","1","-59","4.29514620607979","246.09375","-52","0.00183724059795284"
"FFFFFFFFFFFFFFFFE2000005","1448519882630710","1","-59","4.29514620607979","246.09375","-273","0.00183724059795284"
"FFFFFFFFFFFFFFFFE2000005","1448519882630710","1","-59","4.29514620607979","246.09375","-273","0.00183724059795284"
"FFFFFFFFFFFFFFFFE2000005","1448519882672282","1","-59","4.18469958935203","239.765625","-273","0.0106395498670322"
"FFFFFFFFFFFFFFFFE2000005","1448519882672282","1","-59","4.18469958935203","239.765625","208","0.0106395498670322"
"FFFFFFFFFFFFFFFFE2000005","1448519882672282","1","-59","4.18469958935203","239.765625","208","0.0106395498670322"
"FFFFFFFFFFFFFFFFE2000005","1448519882721008","1","-59","4.22151512826128","241.875","208","-0.021343200052178"
"FFFFFFFFFFFFFFFFE2000005","1448519882721008","1","-59","4.22151512826128","241.875","221","-0.021343200052178"
"FFFFFFFFFFFFFFFFE2000005","1448519882721008","1","-59","4.22151512826128","241.875","221","-0.021343200052178"
"FFFFFFFFFFFFFFFFE2000005","1448519882763813","1","-59","4.23992289771591","242.9296875","221","-0.00492057522694156"
"FFFFFFFFFFFFFFFFE2000005","1448519882763813","1","-59","4.23992289771591","242.9296875","52","-0.00492057522694156"
"FFFFFFFFFFFFFFFFE2000005","1448519882763813","1","-60","4.23992289771591","242.9296875","52","-0.00492057522694156"
"FFFFFFFFFFFFFFFFE2000005","1448519882812386","1","-60","4.21537920510974","241.5234375","52","0.00153569727637448"
"FFFFFFFFFFFFFFFFE2000005","1448519882812386","1","-60","4.21537920510974","241.5234375","-52","0.00153569727637448"
"FFFFFFFFFFFFFFFFE2000005","1448519882812386","1","-59","4.21537920510974","241.5234375","-52","0.00153569727637448"
"FFFFFFFFFFFFFFFFE2000005","1448519882856302","1","-59","4.23992289771591","242.9296875","-52","-0.00435203685878569"
"FFFFFFFFFFFFFFFFE2000005","1448519882856302","1","-59","4.23992289771591","242.9296875","-221","-0.00435203685878569"
"FFFFFFFFFFFFFFFFE2000005","1448519882856302","1","-59","4.23992289771591","242.9296875","-221","-0.00435203685878569"
"FFFFFFFFFFFFFFFFE2000005","1448519882902807","1","-59","4.19697143565511","240.46875","-221","0.00322144799641909"
"FFFFFFFFFFFFFFFFE2000005","1448519882902807","1","-59","4.19697143565511","240.46875","221","0.00322144799641909"
"FFFFFFFFFFFFFFFFE2000005","1448519882902807","1","-60","4.19697143565511","240.46875","221","0.00322144799641909"
"FFFFFFFFFFFFFFFFE2000005","1448519882946189","1","-60","4.20310735880666","240.8203125","221","-0.00770605596494287"
"FFFFFFFFFFFFFFFFE2000005","1448519882946189","1","-60","4.20310735880666","240.8203125","182","-0.00770605596494287"
"FFFFFFFFFFFFFFFFE2000005","1448519882946189","1","-59","4.20310735880666","240.8203125","182","-0.00770605596494287"
"FFFFFFFFFFFFFFFFE2000005","1448519882993058","1","-59","4.252194744019","243.6328125","182","-0.00314751709848419"
"FFFFFFFFFFFFFFFFE2000005","1448519882993058","1","-59","4.252194744019","243.6328125","-78","-0.00314751709848419"
"FFFFFFFFFFFFFFFFE2000005","1448519882993058","1","-59","4.252194744019","243.6328125","-78","-0.00314751709848419"
"FFFFFFFFFFFFFFFFE2000005","1448519883036363","1","-59","4.2092432819582","241.171875","-78","0.00904185056042772"
"FFFFFFFFFFFFFFFFE2000005","1448519883036363","1","-59","4.2092432819582","241.171875","26","0.00904185056042772"
"FFFFFFFFFFFFFFFFE2000005","1448519883036363","1","-59","4.2092432819582","241.171875","26","0.00904185056042772"
"FFFFFFFFFFFFFFFFE2000005","1448519883085422","1","-59","4.19697143565511","240.46875","26","-0.00492607765805696"
"FFFFFFFFFFFFFFFFE2000005","1448519883085422","1","-59","4.19697143565511","240.46875","273","-0.00492607765805696"
"FFFFFFFFFFFFFFFFE2000005","1448519883085422","1","-59","4.19697143565511","240.46875","273","-0.00492607765805696"
"FFFFFFFFFFFFFFFFE2000005","1448519883128321","1","-59","4.19697143565511","240.46875","273","-0.00556625362539941"
"FFFFFFFFFFFFFFFFE2000005","1448519883128321","1","-59","4.19697143565511","240.46875","156","-0.00556625362539941"
"FFFFFFFFFFFFFFFFE2000005","1448519883128321","1","-59","4.19697143565511","240.46875","156","-0.00556625362539941"
"FFFFFFFFFFFFFFFFE2000005","1448519883175640","1","-59","4.27673843662517","245.0390625","156","-0.00333975217523965"
"FFFFFFFFFFFFFFFFE2000005","1448519883175640","1","-59","4.27673843662517","245.0390625","-221","-0.00333975217523965"
"FFFFFFFFFFFFFFFFE2000005","1448519883175640","1","-59","4.27673843662517","245.0390625","-221","-0.00333975217523965"
"FFFFFFFFFFFFFFFFE2000005","1448519883221534","1","-59","4.28287435977671","245.390625","-221","0.0155890713481509"
"FFFFFFFFFFFFFFFFE2000005","1448519883221534","1","-59","4.28287435977671","245.390625","-221","0.0155890713481509"
"FFFFFFFFFFFFFFFFE2000005","1448519883221534","1","-59","4.28287435977671","245.390625","-221","0.0155890713481509"
"FFFFFFFFFFFFFFFFE2000005","1448519883265605","1","-59","4.252194744019","243.6328125","-221","0.0107487643140165"
"FFFFFFFFFFFFFFFFE2000005","1448519883265605","1","-59","4.252194744019","243.6328125","0","0.0107487643140165"
"FFFFFFFFFFFFFFFFE2000005","1448519883265605","1","-59","4.252194744019","243.6328125","0","0.0107487643140165"
"FFFFFFFFFFFFFFFFE2000005","1448519883310625","1","-59","4.2092432819582","241.171875","0","-0.000815936795884781"
"FFFFFFFFFFFFFFFFE2000005","1448519883310625","1","-59","4.2092432819582","241.171875","104","-0.000815936795884781"
"FFFFFFFFFFFFFFFFE2000005","1448519883310625","1","-59","4.2092432819582","241.171875","104","-0.000815936795884781"
"FFFFFFFFFFFFFFFFE2000005","1448519883355441","1","-59","4.22151512826128","241.875","104","-0.0104464300494045"
"FFFFFFFFFFFFFFFFE2000005","1448519883355441","1","-59","4.22151512826128","241.875","-351","-0.0104464300494045"
"FFFFFFFFFFFFFFFFE2000005","1448519883355441","1","-60","4.22151512826128","241.875","-351","-0.0104464300494045"
"FFFFFFFFFFFFFFFFE2000005","1448519883404289","1","-60","4.22765105141283","242.2265625","-351","-0.00341008914548301"
"FFFFFFFFFFFFFFFFE2000005","1448519883404289","1","-60","4.22765105141283","242.2265625","-52","-0.00341008914548301"
"FFFFFFFFFFFFFFFFE2000005","1448519883404289","1","-60","4.22765105141283","242.2265625","-52","-0.00341008914548301"
"FFFFFFFFFFFFFFFFE2000005","1448519883447817","1","-60","4.20310735880666","240.8203125","-52","-0.000735111685040996"
"FFFFFFFFFFFFFFFFE2000005","1448519883447817","1","-60","4.20310735880666","240.8203125","299","-0.000735111685040996"
"FFFFFFFFFFFFFFFFE2000005","1448519883447817","1","-59","4.20310735880666","240.8203125","299","-0.000735111685040996"
"FFFFFFFFFFFFFFFFE2000005","1448519883493538","1","-59","4.17856366620049","239.4140625","299","-0.00632572839277887"
"FFFFFFFFFFFFFFFFE2000005","1448519883493538","1","-59","4.17856366620049","239.4140625","78","-0.00632572839277887"
"FFFFFFFFFFFFFFFFE2000005","1448519883493538","1","-59","4.17856366620049","239.4140625","78","-0.00632572839277887"
"FFFFFFFFFFFFFFFFE2000005","1448519883540146","1","-59","4.24605882086745","243.28125","78","-0.00939784163366387"
"FFFFFFFFFFFFFFFFE2000005","1448519883540146","1","-59","4.24605882086745","243.28125","26","-0.00939784163366387"
"FFFFFFFFFFFFFFFFE2000005","1448519883540146","1","-59","4.24605882086745","243.28125","26","-0.00939784163366387"
"FFFFFFFFFFFFFFFFE2000005","1448519883584335","1","-59","4.19083551250357","240.1171875","26","0.0094747033771384"
"FFFFFFFFFFFFFFFFE2000005","1448519883584335","1","-59","4.19083551250357","240.1171875","156","0.0094747033771384"
"FFFFFFFFFFFFFFFFE2000005","1448519883584335","1","-59","4.19083551250357","240.1171875","156","0.0094747033771384"
"FFFFFFFFFFFFFFFFE2000005","1448519883630484","1","-59","4.23378697456437","242.578125","156","-0.00735760858781209"
"FFFFFFFFFFFFFFFFE2000005","1448519883630484","1","-59","4.23378697456437","242.578125","-78","-0.00735760858781209"
"FFFFFFFFFFFFFFFFE2000005","1448519883630484","1","-59","4.23378697456437","242.578125","-78","-0.00735760858781209"
"FFFFFFFFFFFFFFFFE2000005","1448519883677942","1","-59","4.2092432819582","241.171875","-78","0.00529871565716236"
"FFFFFFFFFFFFFFFFE2000005","1448519883677942","1","-59","4.2092432819582","241.171875","247","0.00529871565716236"
"FFFFFFFFFFFFFFFFE2000005","1448519883677942","1","-59","4.2092432819582","241.171875","247","0.00529871565716236"
"FFFFFFFFFFFFFFFFE2000005","1448519883723099","1","-59","4.23992289771591","242.9296875","247","-0.0022181228039621"
"FFFFFFFFFFFFFFFFE2000005","1448519883723099","1","-59","4.23992289771591","242.9296875","0","-0.0022181228039621"
"FFFFFFFFFFFFFFFFE2000005","1448519883723099","1","-59","4.23992289771591","242.9296875","0","-0.0022181228039621"
"FFFFFFFFFFFFFFFFE2000005","1448519883766584","1","-59","4.23378697456437","242.578125","0","0.00575959791186616"
"FFFFFFFFFFFFFFFFE2000005","1448519883766584","1","-59","4.23378697456437","242.578125","78","0.00575959791186616"
"FFFFFFFFFFFFFFFFE2000005","1448519883766584","1","-59","4.23378697456437","242.578125","78","0.00575959791186616"
"FFFFFFFFFFFFFFFFE2000005","1448519883812375","1","-59","4.20310735880666","240.8203125","78","0.00198313864464183"
"FFFFFFFFFFFFFFFFE2000005","1448519883812375","1","-59","4.20310735880666","240.8203125","104","0.00198313864464183"
"FFFFFFFFFFFFFFFFE2000005","1448519883812375","1","-59","4.20310735880666","240.8203125","104","0.00198313864464183"
"FFFFFFFFFFFFFFFFE2000005","1448519883859234","1","-59","4.20310735880666","240.8203125","104","-0.00580241717313825"
"FFFFFFFFFFFFFFFFE2000005","1448519883859234","1","-59","4.20310735880666","240.8203125","-26","-0.00580241717313825"
"FFFFFFFFFFFFFFFFE2000005","1448519883859234","1","-59","4.20310735880666","240.8203125","-26","-0.00580241717313825"
"FFFFFFFFFFFFFFFFE2000005","1448519883901802","1","-59","4.2092432819582","241.171875","-26","-0.00348145030388295"
"FFFFFFFFFFFFFFFFE2000005","1448519883901802","1","-59","4.2092432819582","241.171875","0","-0.00348145030388295"
"FFFFFFFFFFFFFFFFE2000005","1448519883901802","1","-59","4.2092432819582","241.171875","0","-0.00348145030388295"
"FFFFFFFFFFFFFFFFE2000005","1448519883949614","1","-59","4.2092432819582","241.171875","0","-0.000584526892622713"
"FFFFFFFFFFFFFFFFE2000005","1448519883949614","1","-59","4.2092432819582","241.171875","0","-0.000584526892622713"
"FFFFFFFFFFFFFFFFE2000005","1448519883949614","1","-59","4.2092432819582","241.171875","0","-0.000584526892622713"
"FFFFFFFFFFFFFFFFE2000005","1448519883998244","1","-59","4.23992289771591","242.9296875","0","-0.000350716135573628"
"FFFFFFFFFFFFFFFFE2000005","1448519883998244","1","-59","4.23992289771591","242.9296875","52","-0.000350716135573628"
"FFFFFFFFFFFFFFFFE2000005","1448519883998244","1","-59","4.23992289771591","242.9296875","52","-0.000350716135573628"
"FFFFFFFFFFFFFFFFE2000005","1448519884047198","1","-59","4.19083551250357","240.1171875","52","0.00637366297301013"
"FFFFFFFFFFFFFFFFE2000005","1448519884047198","1","-59","4.19083551250357","240.1171875","-78","0.00637366297301013"
"FFFFFFFFFFFFFFFFE2000005","1448519884047198","1","-60","4.19083551250357","240.1171875","-78","0.00637366297301013"
"FFFFFFFFFFFFFFFFE2000005","1448519884092491","1","-60","4.2092432819582","241.171875","-78","-0.00664062799651831"
"FFFFFFFFFFFFFFFFE2000005","1448519884092491","1","-60","4.2092432819582","241.171875","130","-0.00664062799651831"
"FFFFFFFFFFFFFFFFE2000005","1448519884092491","1","-59","4.2092432819582","241.171875","130","-0.00664062799651831"
"FFFFFFFFFFFFFFFFE2000005","1448519884137766","1","-59","4.19083551250357","240.1171875","130","0.000257131944471945"
"FFFFFFFFFFFFFFFFE2000005","1448519884137766","1","-59","4.19083551250357","240.1171875","0","0.000257131944471945"
"FFFFFFFFFFFFFFFFE2000005","1448519884137766","1","-59","4.19083551250357","240.1171875","0","0.000257131944471945"
"FFFFFFFFFFFFFFFFE2000005","1448519884183917","1","-59","4.252194744019","243.6328125","0","-0.00408891587404019"
"FFFFFFFFFFFFFFFFE2000005","1448519884183917","1","-59","4.252194744019","243.6328125","-104","-0.00408891587404019"
"FFFFFFFFFFFFFFFFE2000005","1448519884183917","1","-59","4.252194744019","243.6328125","-104","-0.00408891587404019"
"FFFFFFFFFFFFFFFFE2000005","1448519884229083","1","-59","4.22151512826128","241.875","-104","0.0114221645828"
"FFFFFFFFFFFFFFFFE2000005","1448519884229083","1","-59","4.22151512826128","241.875","403","0.0114221645828"
"FFFFFFFFFFFFFFFFE2000005","1448519884229083","1","-59","4.22151512826128","241.875","403","0.0114221645828"
"FFFFFFFFFFFFFFFFE2000005","1448519884275914","1","-59","4.24605882086745","243.28125","403","-0.000235759962210583"
"FFFFFFFFFFFFFFFFE2000005","1448519884275914","1","-59","4.24605882086745","243.28125","182","-0.000235759962210583"
"FFFFFFFFFFFFFFFFE2000005","1448519884275914","1","-60","4.24605882086745","243.28125","182","-0.000235759962210583"
"FFFFFFFFFFFFFFFFE2000005","1448519884319628","1","-60","4.28901028292825","245.7421875","182","0.00532815903463154"
"FFFFFFFFFFFFFFFFE2000005","1448519884319628","1","-60","4.28901028292825","245.7421875","-182","0.00532815903463154"
"FFFFFFFFFFFFFFFFE2000005","1448519884319628","1","-59","4.28901028292825","245.7421875","-182","0.00532815903463154"
"FFFFFFFFFFFFFFFFE2000005","1448519884365543","1","-59","4.27060251347362","244.6875","-182","0.0134512349022665"
"FFFFFFFFFFFFFFFFE2000005","1448519884365543","1","-59","4.27060251347362","244.6875","182","0.0134512349022665"
"FFFFFFFFFFFFFFFFE2000005","1448519884365543","1","-60","4.27060251347362","244.6875","182","0.0134512349022665"
"FFFFFFFFFFFFFFFFE2000005","1448519884410678","1","-60","4.30128212923134","246.4453125","182","0.00388669094748538"
"FFFFFFFFFFFFFFFFE2000005","1448519884410678","1","-60","4.30128212923134","246.4453125","-26","0.00388669094748538"
"FFFFFFFFFFFFFFFFE2000005","1448519884410678","1","-59","4.30128212923134","246.4453125","-26","0.00388669094748538"
"FFFFFFFFFFFFFFFFE2000005","1448519884456593","1","-59","4.26446659032208","244.3359375","-26","0.00942594224726047"
"FFFFFFFFFFFFFFFFE2000005","1448519884456593","1","-59","4.26446659032208","244.3359375","52","0.00942594224726047"
"FFFFFFFFFFFFFFFFE2000005","1448519884456593","1","-59","4.26446659032208","244.3359375","52","0.00942594224726047"
"FFFFFFFFFFFFFFFFE2000005","1448519884499919","1","-59","4.27673843662517","245.0390625","52","-0.00271253463939282"
"FFFFFFFFFFFFFFFFE2000005","1448519884499919","1","-59","4.27673843662517","245.0390625","-130","-0.00271253463939282"
"FFFFFFFFFFFFFFFFE2000005","1448519884499919","1","-59","4.27673843662517","245.0390625","-130","-0.00271253463939282"
"FFFFFFFFFFFFFFFFE2000005","1448519884545977","1","-59","4.24605882086745","243.28125","-130","0.00132852801644971"
"FFFFFFFFFFFFFFFFE2000005","1448519884545977","1","-59","4.24605882086745","243.28125","273","0.00132852801644971"
"FFFFFFFFFFFFFFFFE2000005","1448519884545977","1","-59","4.24605882086745","243.28125","273","0.00132852801644971"
"FFFFFFFFFFFFFFFFE2000005","1448519884590589","1","-59","4.22765105141283","242.2265625","273","-0.00615464891554704"
"FFFFFFFFFFFFFFFFE2000005","1448519884590589","1","-59","4.22765105141283","242.2265625","156","-0.00615464891554704"
"FFFFFFFFFFFFFFFFE2000005","1448519884590589","1","-59","4.22765105141283","242.2265625","156","-0.00615464891554704"
"FFFFFFFFFFFFFFFFE2000005","1448519884636381","1","-59","4.22151512826128","241.875","156","-0.00799904451539901"
"FFFFFFFFFFFFFFFFE2000005","1448519884636381","1","-59","4.22151512826128","241.875","-52","-0.00799904451539901"
"FFFFFFFFFFFFFFFFE2000005","1448519884636381","1","-60","4.22151512826128","241.875","-52","-0.00799904451539901"
"FFFFFFFFFFFFFFFFE2000005","1448519884682246","1","-60","4.23992289771591","242.9296875","-52","-0.00619785624182698"
"FFFFFFFFFFFFFFFFE2000005","1448519884682246","1","-60","4.23992289771591","242.9296875","-130","-0.00619785624182698"
"FFFFFFFFFFFFFFFFE2000005","1448519884682246","1","-59","4.23992289771591","242.9296875","-130","-0.00619785624182698"
"FFFFFFFFFFFFFFFFE2000005","1448519884726201","1","-59","4.09879666523043","234.84375","-130","0.000469897515532835"
"FFFFFFFFFFFFFFFFE2000005","1448519884726201","1","-59","4.09879666523043","234.84375","481","0.000469897515532835"
"FFFFFFFFFFFFFFFFE2000005","1448519884726201","1","-59","4.09879666523043","234.84375","481","0.000469897515532835"
"FFFFFFFFFFFFFFFFE2000005","1448519884774245","1","-59","4.30741805238288","246.796875","481","-0.0332261574659675"
"FFFFFFFFFFFFFFFFE2000005","1448519884774245","1","-59","4.30741805238288","246.796875","-273","-0.0332261574659675"
"FFFFFFFFFFFFFFFFE2000005","1448519884774245","1","-59","4.30741805238288","246.796875","-273","-0.0332261574659675"
"FFFFFFFFFFFFFFFFE2000005","1448519884817836","1","-59","4.28901028292825","245.7421875","-273","0.0253822244137777"
"FFFFFFFFFFFFFFFFE2000005","1448519884817836","1","-59","4.28901028292825","245.7421875","182","0.0253822244137777"
"FFFFFFFFFFFFFFFFE2000005","1448519884817836","1","-60","4.28901028292825","245.7421875","182","0.0253822244137777"
"FFFFFFFFFFFFFFFFE2000005","1448519884865996","1","-60","4.30741805238288","246.796875","182","0.0108222172279562"
"FFFFFFFFFFFFFFFFE2000005","1448519884865996","1","-60","4.30741805238288","246.796875","-247","0.0108222172279562"
"FFFFFFFFFFFFFFFFE2000005","1448519884865996","1","-60","4.30741805238288","246.796875","-247","0.0108222172279562"
"FFFFFFFFFFFFFFFFE2000005","1448519884910044","1","-60","4.34423359129214","248.90625","-247","0.0104823389636165"
"FFFFFFFFFFFFFFFFE2000005","1448519884910044","1","-60","4.34423359129214","248.90625","130","0.0104823389636165"
"FFFFFFFFFFFFFFFFE2000005","1448519884910044","1","-60","4.34423359129214","248.90625","130","0.0104823389636165"
"FFFFFFFFFFFFFFFFE2000005","1448519884953141","1","-60","4.35650543759522","249.609375","130","0.0150121901321088"
"FFFFFFFFFFFFFFFFE2000005","1448519884953141","1","-60","4.35650543759522","249.609375","156","0.0150121901321088"
"FFFFFFFFFFFFFFFFE2000005","1448519884953141","1","-60","4.35650543759522","249.609375","156","0.0150121901321088"
"FFFFFFFFFFFFFFFFE2000005","1448519885001851","1","-60","4.42400059226219","253.4765625","156","0.0119790701252198"
"FFFFFFFFFFFFFFFFE2000005","1448519885001851","1","-60","4.42400059226219","253.4765625","-221","0.0119790701252198"
"FFFFFFFFFFFFFFFFE2000005","1448519885001851","1","-60","4.42400059226219","253.4765625","-221","0.0119790701252198"
"FFFFFFFFFFFFFFFFE2000005","1448519885044242","1","-60","4.39332097650448","251.71875","-221","0.0216486561321787"
"FFFFFFFFFFFFFFFFE2000005","1448519885044242","1","-60","4.39332097650448","251.71875","104","0.0216486561321787"
"FFFFFFFFFFFFFFFFE2000005","1448519885044242","1","-60","4.39332097650448","251.71875","104","0.0216486561321787"
"FFFFFFFFFFFFFFFFE2000005","1448519885093158","1","-60","4.36264136074676","249.9609375","104","0.0054360709461504"
"FFFFFFFFFFFFFFFFE2000005","1448519885093158","1","-60","4.36264136074676","249.9609375","-78","0.0054360709461504"
"FFFFFFFFFFFFFFFFE2000005","1448519885093158","1","-60","4.36264136074676","249.9609375","-78","0.0054360709461504"
"FFFFFFFFFFFFFFFFE2000005","1448519885138204","1","-60","4.35650543759522","249.609375","-78","-0.00328395449219303"
"FFFFFFFFFFFFFFFFE2000005","1448519885138204","1","-60","4.35650543759522","249.609375","208","-0.00328395449219303"
"FFFFFFFFFFFFFFFFE2000005","1448519885138204","1","-60","4.35650543759522","249.609375","208","-0.00328395449219303"
"FFFFFFFFFFFFFFFFE2000005","1448519885185260","1","-60","4.42400059226219","253.4765625","208","-0.00339196140810386"
"FFFFFFFFFFFFFFFFE2000005","1448519885185260","1","-60","4.42400059226219","253.4765625","-130","-0.00339196140810386"
"FFFFFFFFFFFFFFFFE2000005","1448519885185260","1","-60","4.42400059226219","253.4765625","-130","-0.00339196140810386"
"FFFFFFFFFFFFFFFFE2000005","1448519885227174","1","-60","4.38104913020139","251.015625","-130","0.0129343432316157"
"FFFFFFFFFFFFFFFFE2000005","1448519885227174","1","-60","4.38104913020139","251.015625","-26","0.0129343432316157"
"FFFFFFFFFFFFFFFFE2000005","1448519885227174","1","-60","4.38104913020139","251.015625","-26","0.0129343432316157"
"FFFFFFFFFFFFFFFFE2000005","1448519885275382","1","-60","4.36264136074676","249.9609375","-26","-0.00293410695156238"
"FFFFFFFFFFFFFFFFE2000005","1448519885275382","1","-60","4.36264136074676","249.9609375","-26","-0.00293410695156238"
"FFFFFFFFFFFFFFFFE2000005","1448519885275382","1","-60","4.36264136074676","249.9609375","-26","-0.00293410695156238"
"FFFFFFFFFFFFFFFFE2000005","1448519885319606","1","-60","4.32582582183751","247.8515625","-26","-0.00574550100027592"
"FFFFFFFFFFFFFFFFE2000005","1448519885319606","1","-60","4.32582582183751","247.8515625","208","-0.00574550100027592"
"FFFFFFFFFFFFFFFFE2000005","1448519885319606","1","-60","4.32582582183751","247.8515625","208","-0.00574550100027592"
"FFFFFFFFFFFFFFFFE2000005","1448519885365596","1","-60","4.39332097650448","251.71875","208","-0.0121353729350403"
"FFFFFFFFFFFFFFFFE2000005","1448519885365596","1","-60","4.39332097650448","251.71875","-26","-0.0121353729350403"
"FFFFFFFFFFFFFFFFE2000005","1448519885365596","1","-60","4.39332097650448","251.71875","-26","-0.0121353729350403"
"FFFFFFFFFFFFFFFFE2000005","1448519885409720","1","-60","4.39332097650448","251.71875","-26","0.00803527410196235"
"FFFFFFFFFFFFFFFFE2000005","1448519885409720","1","-60","4.39332097650448","251.71875","0","0.00803527410196235"
"FFFFFFFFFFFFFFFFE2000005","1448519885409720","1","-60","4.39332097650448","251.71875","0","0.00803527410196235"
"FFFFFFFFFFFFFFFFE2000005","1448519885456330","1","-60","4.38104913020139","251.015625","0","0.00482116446117741"
"FFFFFFFFFFFFFFFFE2000005","1448519885456330","1","-60","4.38104913020139","251.015625","52","0.00482116446117741"
"FFFFFFFFFFFFFFFFE2000005","1448519885456330","1","-60","4.38104913020139","251.015625","52","0.00482116446117741"
"FFFFFFFFFFFFFFFFE2000005","1448519885501560","1","-60","4.39945689965602","252.0703125","52","0.000144924158094562"
"FFFFFFFFFFFFFFFFE2000005","1448519885501560","1","-60","4.39945689965602","252.0703125","-299","0.000144924158094562"
"FFFFFFFFFFFFFFFFE2000005","1448519885501560","1","-60","4.39945689965602","252.0703125","-299","0.000144924158094562"
"FFFFFFFFFFFFFFFFE2000005","1448519885544019","1","-60","4.32582582183751","247.8515625","-299","0.00433437115346275"
"FFFFFFFFFFFFFFFFE2000005","1448519885544019","1","-60","4.32582582183751","247.8515625","130","0.00433437115346275"
"FFFFFFFFFFFFFFFFE2000005","1448519885544019","1","-59","4.32582582183751","247.8515625","130","0.00433437115346275"
"FFFFFFFFFFFFFFFFE2000005","1448519885594339","1","-59","4.38718505335293","251.3671875","130","-0.0154978398688635"
"FFFFFFFFFFFFFFFFE2000005","1448519885594339","1","-59","4.38718505335293","251.3671875","-130","-0.0154978398688635"
"FFFFFFFFFFFFFFFFE2000005","1448519885594339","1","-60","4.38718505335293","251.3671875","-130","-0.0154978398688635"
"FFFFFFFFFFFFFFFFE2000005","1448519885638235","1","-60","4.33809766814059","248.5546875","-130","0.00342722715106863"
"FFFFFFFFFFFFFFFFE2000005","1448519885638235","1","-60","4.33809766814059","248.5546875","52","0.00342722715106863"
"FFFFFFFFFFFFFFFFE2000005","1448519885638235","1","-59","4.33809766814059","248.5546875","52","0.00342722715106863"
"FFFFFFFFFFFFFFFFE2000005","1448519885684805","1","-59","4.42400059226219","253.4765625","52","-0.00961431892281791"
"FFFFFFFFFFFFFFFFE2000005","1448519885684805","1","-59","4.42400059226219","253.4765625","-52","-0.00961431892281791"
"FFFFFFFFFFFFFFFFE2000005","1448519885684805","1","-59","4.42400059226219","253.4765625","-52","-0.00961431892281791"
"FFFFFFFFFFFFFFFFE2000005","1448519885728758","1","-59","4.35036951444368","249.2578125","-52","0.013482351145504"
"FFFFFFFFFFFFFFFFE2000005","1448519885728758","1","-59","4.35036951444368","249.2578125","104","0.013482351145504"
"FFFFFFFFFFFFFFFFE2000005","1448519885728758","1","-60","4.35036951444368","249.2578125","104","0.013482351145504"
"FFFFFFFFFFFFFFFFE2000005","1448519885775029","1","-60","4.36877728389831","250.3125","104","-0.0093938696775191"
"FFFFFFFFFFFFFFFFE2000005","1448519885775029","1","-60","4.36877728389831","250.3125","130","-0.0093938696775191"
"FFFFFFFFFFFFFFFFE2000005","1448519885775029","1","-60","4.36877728389831","250.3125","130","-0.0093938696775191"
"FFFFFFFFFFFFFFFFE2000005","1448519885821496","1","-60","4.36264136074676","249.9609375","130","-0.00148446307277435"
"FFFFFFFFFFFFFFFFE2000005","1448519885821496","1","-60","4.36264136074676","249.9609375","182","-0.00148446307277435"
"FFFFFFFFFFFFFFFFE2000005","1448519885821496","1","-59","4.36264136074676","249.9609375","182","-0.00148446307277435"
"FFFFFFFFFFFFFFFFE2000005","1448519885868098","1","-59","4.44240836171682","254.53125","182","-0.00226879317618554"
"FFFFFFFFFFFFFFFFE2000005","1448519885868098","1","-59","4.44240836171682","254.53125","-247","-0.00226879317618554"
"FFFFFFFFFFFFFFFFE2000005","1448519885868098","1","-60","4.44240836171682","254.53125","-247","-0.00226879317618554"
"FFFFFFFFFFFFFFFFE2000005","1448519885881683","1","-60","4.41786466911065","253.125","-247","0.0165023245198337"
"FFFFFFFFFFFFFFFFE2000005","1448519885881683","1","-60","4.41786466911065","253.125","-52","0.0165023245198337"
"FFFFFFFFFFFFFFFFE2000005","1448519885881683","1","-60","4.41786466911065","253.125","-52","0.0165023245198337"
"FFFFFFFFFFFFFFFFE2000005","1448519885927910","1","-60","4.37491320704985","250.6640625","-52","-0.00895377942317522"
"FFFFFFFFFFFFFFFFE2000005","1448519885927910","1","-60","4.37491320704985","250.6640625","52","-0.00895377942317522"
"FFFFFFFFFFFFFFFFE2000005","1448519885927910","1","-59","4.37491320704985","250.6640625","52","-0.00895377942317522"
"FFFFFFFFFFFFFFFFE2000005","1448519885973467","1","-59","4.36877728389831","250.3125","52","-0.0150691589964917"
"FFFFFFFFFFFFFFFFE2000005","1448519885973467","1","-59","4.36877728389831","250.3125","52","-0.0150691589964917"
"FFFFFFFFFFFFFFFFE2000005","1448519885973467","1","-60","4.36877728389831","250.3125","52","-0.0150691589964917"
"FFFFFFFFFFFFFFFFE2000005","1448519886015212","1","-60","4.42400059226219","253.4765625","52","-0.0104471385516639"
"FFFFFFFFFFFFFFFFE2000005","1448519886015212","1","-60","4.42400059226219","253.4765625","182","-0.0104471385516639"
"FFFFFFFFFFFFFFFFE2000005","1448519886015212","1","-60","4.42400059226219","253.4765625","182","-0.0104471385516639"
"FFFFFFFFFFFFFFFFE2000005","1448519886061328","1","-60","4.41786466911065","253.125","182","0.00753772876039582"
"FFFFFFFFFFFFFFFFE2000005","1448519886061328","1","-60","4.41786466911065","253.125","26","0.00753772876039582"
"FFFFFFFFFFFFFFFFE2000005","1448519886061328","1","-60","4.41786466911065","253.125","26","0.00753772876039582"
"FFFFFFFFFFFFFFFFE2000005","1448519886106088","1","-60","4.44854428486836","254.8828125","26","0.0031340327554948"
"FFFFFFFFFFFFFFFFE2000005","1448519886106088","1","-60","4.44854428486836","254.8828125","-104","0.0031340327554948"
"FFFFFFFFFFFFFFFFE2000005","1448519886106088","1","-60","4.44854428486836","254.8828125","-104","0.0031340327554948"
"FFFFFFFFFFFFFFFFE2000005","1448519886155629","1","-60","4.47308797747453","256.2890625","-104","0.00903378037227029"
"FFFFFFFFFFFFFFFFE2000005","1448519886155629","1","-60","4.47308797747453","256.2890625","-104","0.00903378037227029"
"FFFFFFFFFFFFFFFFE2000005","1448519886155629","1","-60","4.47308797747453","256.2890625","-104","0.00903378037227029"
"FFFFFFFFFFFFFFFFE2000005","1448519886199125","1","-60","4.43627243856527","254.1796875","-104","0.0105906834476209"
"FFFFFFFFFFFFFFFFE2000005","1448519886199125","1","-60","4.43627243856527","254.1796875","-156","0.0105906834476209"
"FFFFFFFFFFFFFFFFE2000005","1448519886199125","1","-60","4.43627243856527","254.1796875","-156","0.0105906834476209"
"FFFFFFFFFFFFFFFFE2000005","1448519886246603","1","-60","4.39945689965602","252.0703125","-156","-0.00247907602066557"
"FFFFFFFFFFFFFFFFE2000005","1448519886246603","1","-60","4.39945689965602","252.0703125","52","-0.00247907602066557"
"FFFFFFFFFFFFFFFFE2000005","1448519886246603","1","-60","4.39945689965602","252.0703125","52","-0.00247907602066557"
"FFFFFFFFFFFFFFFFE2000005","1448519886291255","1","-60","4.30128212923134","246.4453125","52","-0.00958006347619942"
"FFFFFFFFFFFFFFFFE2000005","1448519886291255","1","-60","4.30128212923134","246.4453125","351","-0.00958006347619942"
"FFFFFFFFFFFFFFFFE2000005","1448519886291255","1","-60","4.30128212923134","246.4453125","351","-0.00958006347619942"
"FFFFFFFFFFFFFFFFE2000005","1448519886334466","1","-60","4.31968989868597","247.5","351","-0.0286941583602874"
"FFFFFFFFFFFFFFFFE2000005","1448519886334466","1","-60","4.31968989868597","247.5","-52","-0.0286941583602874"
"FFFFFFFFFFFFFFFFE2000005","1448519886334466","1","-60","4.31968989868597","247.5","-52","-0.0286941583602874"
"FFFFFFFFFFFFFFFFE2000005","1448519886383105","1","-60","4.29514620607979","246.09375","-52","-0.0127706211537589"
"FFFFFFFFFFFFFFFFE2000005","1448519886383105","1","-60","4.29514620607979","246.09375","-130","-0.0127706211537589"
"FFFFFFFFFFFFFFFFE2000005","1448519886383105","1","-60","4.29514620607979","246.09375","-130","-0.0127706211537589"
"FFFFFFFFFFFFFFFFE2000005","1448519886427614","1","-60","4.29514620607979","246.09375","-130","-0.0129286721767226"
"FFFFFFFFFFFFFFFFE2000005","1448519886427614","1","-60","4.29514620607979","246.09375","-52","-0.0129286721767226"
"FFFFFFFFFFFFFFFFE2000005","1448519886427614","1","-60","4.29514620607979","246.09375","-52","-0.0129286721767226"
"FFFFFFFFFFFFFFFFE2000005","1448519886471149","1","-60","4.23992289771591","242.9296875","-52","-0.00775720330603354"
"FFFFFFFFFFFFFFFFE2000005","1448519886471149","1","-60","4.23992289771591","242.9296875","26","-0.00775720330603354"
"FFFFFFFFFFFFFFFFE2000005","1448519886471149","1","-60","4.23992289771591","242.9296875","26","-0.00775720330603354"
"FFFFFFFFFFFFFFFFE2000005","1448519886520285","1","-60","4.29514620607979","246.09375","26","-0.0178926811522488"
"FFFFFFFFFFFFFFFFE2000005","1448519886520285","1","-60","4.29514620607979","246.09375","0","-0.0178926811522488"
"FFFFFFFFFFFFFFFFE2000005","1448519886520285","1","-60","4.29514620607979","246.09375","0","-0.0178926811522488"
"FFFFFFFFFFFFFFFFE2000005","1448519886563414","1","-60","4.25833066717054","243.984375","0","0.00099371332115173"
"FFFFFFFFFFFFFFFFE2000005","1448519886563414","1","-60","4.25833066717054","243.984375","325","0.00099371332115173"
"FFFFFFFFFFFFFFFFE2000005","1448519886563414","1","-60","4.25833066717054","243.984375","325","0.00099371332115173"
"FFFFFFFFFFFFFFFFE2000005","1448519886607727","1","-60","4.37491320704985","250.6640625","325","-0.00831242537134476"
"FFFFFFFFFFFFFFFFE2000005","1448519886607727","1","-60","4.37491320704985","250.6640625","-247","-0.00831242537134476"
"FFFFFFFFFFFFFFFFE2000005","1448519886607727","1","-60","4.37491320704985","250.6640625","-247","-0.00831242537134476"
"FFFFFFFFFFFFFFFFE2000005","1448519886656260","1","-60","4.22765105141283","242.2265625","-247","0.0224695171773635"
"FFFFFFFFFFFFFFFFE2000005","1448519886656260","1","-60","4.22765105141283","242.2265625","182","0.0224695171773635"
"FFFFFFFFFFFFFFFFE2000005","1448519886656260","1","-60","4.22765105141283","242.2265625","182","0.0224695171773635"
"FFFFFFFFFFFFFFFFE2000005","1448519886702479","1","-60","4.23378697456437","242.578125","182","-0.0181850987461853"
"FFFFFFFFFFFFFFFFE2000005","1448519886702479","1","-60","4.23378697456437","242.578125","-78","-0.0181850987461853"
"FFFFFFFFFFFFFFFFE2000005","1448519886702479","1","-59","4.23378697456437","242.578125","-78","-0.0181850987461853"
"FFFFFFFFFFFFFFFFE2000005","1448519886747945","1","-59","4.2092432819582","241.171875","-78","-0.00952554928089557"
"FFFFFFFFFFFFFFFFE2000005","1448519886747945","1","-59","4.2092432819582","241.171875","78","-0.00952554928089557"
"FFFFFFFFFFFFFFFFE2000005","1448519886747945","1","-60","4.2092432819582","241.171875","78","-0.00952554928089557"
"FFFFFFFFFFFFFFFFE2000005","1448519886793586","1","-60","4.252194744019","243.6328125","78","-0.0113491557380926"
"FFFFFFFFFFFFFFFFE2000005","1448519886793586","1","-60","4.252194744019","243.6328125","208","-0.0113491557380926"
"FFFFFFFFFFFFFFFFE2000005","1448519886793586","1","-60","4.252194744019","243.6328125","208","-0.0113491557380926"
"FFFFFFFFFFFFFFFFE2000005","1448519886839556","1","-60","4.23378697456437","242.578125","208","0.00301189951728444"
"FFFFFFFFFFFFFFFFE2000005","1448519886839556","1","-60","4.23378697456437","242.578125","182","0.00301189951728444"
"FFFFFFFFFFFFFFFFE2000005","1448519886839556","1","-60","4.23378697456437","242.578125","182","0.00301189951728444"
"FFFFFFFFFFFFFFFFE2000005","1448519886880788","1","-60","4.22765105141283","242.2265625","182","-0.0023719043502939"
"FFFFFFFFFFFFFFFFE2000005","1448519886880788","1","-60","4.22765105141283","242.2265625","156","-0.0023719043502939"
"FFFFFFFFFFFFFFFFE2000005","1448519886880788","1","-60","4.22765105141283","242.2265625","156","-0.0023719043502939"
"FFFFFFFFFFFFFFFFE2000005","1448519886929672","1","-60","4.24605882086745","243.28125","156","-0.00297622965800933"
"FFFFFFFFFFFFFFFFE2000005","1448519886929672","1","-60","4.24605882086745","243.28125","130","-0.00297622965800933"
"FFFFFFFFFFFFFFFFE2000005","1448519886929672","1","-60","4.24605882086745","243.28125","130","-0.00297622965800933"
"FFFFFFFFFFFFFFFFE2000005","1448519886974580","1","-60","4.22151512826128","241.875","130","0.00214419133269522"
"FFFFFFFFFFFFFFFFE2000005","1448519886974580","1","-60","4.22151512826128","241.875","-52","0.00214419133269522"
"FFFFFFFFFFFFFFFFE2000005","1448519886974580","1","-60","4.22151512826128","241.875","-52","0.00214419133269522"
"FFFFFFFFFFFFFFFFE2000005","1448519887017327","1","-60","4.19697143565511","240.46875","-52","-0.00441731393078725"
"FFFFFFFFFFFFFFFFE2000005","1448519887017327","1","-60","4.19697143565511","240.46875","-78","-0.00441731393078725"
"FFFFFFFFFFFFFFFFE2000005","1448519887017327","1","-60","4.19697143565511","240.46875","-78","-0.00441731393078725"
"FFFFFFFFFFFFFFFFE2000005","1448519887063158","1","-60","4.16015589674586","238.359375","-78","-0.00864256419829737"
"FFFFFFFFFFFFFFFFE2000005","1448519887063158","1","-60","4.16015589674586","238.359375","182","-0.00864256419829737"
"FFFFFFFFFFFFFFFFE2000005","1448519887063158","1","-60","4.16015589674586","238.359375","182","-0.00864256419829737"
"FFFFFFFFFFFFFFFFE2000005","1448519887110903","1","-60","4.15401997359432","238.0078125","182","-0.0135689757326002"
"FFFFFFFFFFFFFFFFE2000005","1448519887110903","1","-60","4.15401997359432","238.0078125","182","-0.0135689757326002"
"FFFFFFFFFFFFFFFFE2000005","1448519887110903","1","-60","4.15401997359432","238.0078125","182","-0.0135689757326002"
"FFFFFFFFFFFFFFFFE2000005","1448519887158064","1","-60","4.16015589674586","238.359375","182","-0.00948261248231329"
"FFFFFFFFFFFFFFFFE2000005","1448519887158064","1","-60","4.16015589674586","238.359375","104","-0.00948261248231329"
"FFFFFFFFFFFFFFFFE2000005","1448519887158064","1","-60","4.16015589674586","238.359375","104","-0.00948261248231329"
"FFFFFFFFFFFFFFFFE2000005","1448519887203372","1","-60","4.19697143565511","240.46875","104","-0.00433173188038371"
"FFFFFFFFFFFFFFFFE2000005","1448519887203372","1","-60","4.19697143565511","240.46875","273","-0.00433173188038371"
"FFFFFFFFFFFFFFFFE2000005","1448519887203372","1","-60","4.19697143565511","240.46875","273","-0.00433173188038371"
"FFFFFFFFFFFFFFFFE2000005","1448519887249541","1","-60","4.22151512826128","241.875","273","0.00588116990632217"
"FFFFFFFFFFFFFFFFE2000005","1448519887249541","1","-60","4.22151512826128","241.875","156","0.00588116990632217"
"FFFFFFFFFFFFFFFFE2000005","1448519887249541","1","-60","4.22151512826128","241.875","156","0.00588116990632217"
"FFFFFFFFFFFFFFFFE2000005","1448519887291932","1","-60","4.21537920510974","241.5234375","156","0.00907674371695278"
"FFFFFFFFFFFFFFFFE2000005","1448519887291932","1","-60","4.21537920510974","241.5234375","130","0.00907674371695278"
"FFFFFFFFFFFFFFFFE2000005","1448519887291932","1","-60","4.21537920510974","241.5234375","130","0.00907674371695278"
"FFFFFFFFFFFFFFFFE2000005","1448519887340643","1","-60","4.22151512826128","241.875","130","0.00393542168354031"
"FFFFFFFFFFFFFFFFE2000005","1448519887340643","1","-60","4.22151512826128","241.875","-104","0.00393542168354031"
"FFFFFFFFFFFFFFFFE2000005","1448519887340643","1","-60","4.22151512826128","241.875","-104","0.00393542168354031"
"FFFFFFFFFFFFFFFFE2000005","1448519887385195","1","-60","4.2092432819582","241.171875","-104","0.00367588184460202"
"FFFFFFFFFFFFFFFFE2000005","1448519887385195","1","-60","4.2092432819582","241.171875","-130","0.00367588184460202"
"FFFFFFFFFFFFFFFFE2000005","1448519887385195","1","-60","4.2092432819582","241.171875","-130","0.00367588184460202"
"FFFFFFFFFFFFFFFFE2000005","1448519887429962","1","-60","4.23378697456437","242.578125","-130","-0.000669173943887465"
"FFFFFFFFFFFFFFFFE2000005","1448519887429962","1","-60","4.23378697456437","242.578125","0","-0.000669173943887465"
"FFFFFFFFFFFFFFFFE2000005","1448519887429962","1","-60","4.23378697456437","242.578125","0","-0.000669173943887465"
"FFFFFFFFFFFFFFFFE2000005","1448519887475798","1","-60","4.19083551250357","240.1171875","0","0.00532028937961878"
"FFFFFFFFFFFFFFFFE2000005","1448519887475798","1","-60","4.19083551250357","240.1171875","52","0.00532028937961878"
"FFFFFFFFFFFFFFFFE2000005","1448519887475798","1","-60","4.19083551250357","240.1171875","52","0.00532028937961878"
"FFFFFFFFFFFFFFFFE2000005","1448519887521885","1","-60","4.17856366620049","239.4140625","52","-0.00658743620061144"
"FFFFFFFFFFFFFFFFE2000005","1448519887521885","1","-60","4.17856366620049","239.4140625","325","-0.00658743620061144"
"FFFFFFFFFFFFFFFFE2000005","1448519887521885","1","-60","4.17856366620049","239.4140625","325","-0.00658743620061144"
"FFFFFFFFFFFFFFFFE2000005","1448519887564806","1","-60","4.20310735880666","240.8203125","325","-0.00673141826586777"
"FFFFFFFFFFFFFFFFE2000005","1448519887564806","1","-60","4.20310735880666","240.8203125","-26","-0.00673141826586777"
"FFFFFFFFFFFFFFFFE2000005","1448519887564806","1","-60","4.20310735880666","240.8203125","-26","-0.00673141826586777"
"FFFFFFFFFFFFFFFFE2000005","1448519887611592","1","-60","4.17856366620049","239.4140625","-26","0.00192903284153244"
"FFFFFFFFFFFFFFFFE2000005","1448519887611592","1","-60","4.17856366620049","239.4140625","429","0.00192903284153244"
"FFFFFFFFFFFFFFFFE2000005","1448519887611592","1","-60","4.17856366620049","239.4140625","429","0.00192903284153244"
"FFFFFFFFFFFFFFFFE2000005","1448519887656580","1","-60","4.23992289771591","242.9296875","429","-0.00431745612599149"
"FFFFFFFFFFFFFFFFE2000005","1448519887656580","1","-60","4.23992289771591","242.9296875","-208","-0.00431745612599149"
"FFFFFFFFFFFFFFFFE2000005","1448519887656580","1","-60","4.23992289771591","242.9296875","-208","-0.00431745612599149"
"FFFFFFFFFFFFFFFFE2000005","1448519887704290","1","-60","4.17856366620049","239.4140625","-208","0.0116437410386067"
"FFFFFFFFFFFFFFFFE2000005","1448519887704290","1","-60","4.17856366620049","239.4140625","221","0.0116437410386067"
"FFFFFFFFFFFFFFFFE2000005","1448519887704290","1","-60","4.17856366620049","239.4140625","221","0.0116437410386067"
"FFFFFFFFFFFFFFFFE2000005","1448519887748181","1","-60","4.19083551250357","240.1171875","221","-0.00643586503021055"
"FFFFFFFFFFFFFFFFE2000005","1448519887748181","1","-60","4.19083551250357","240.1171875","52","-0.00643586503021055"
"FFFFFFFFFFFFFFFFE2000005","1448519887748181","1","-60","4.19083551250357","240.1171875","52","-0.00643586503021055"
"FFFFFFFFFFFFFFFFE2000005","1448519887801779","1","-60","4.20310735880666","240.8203125","52","-0.000943522838670407"
"FFFFFFFFFFFFFFFFE2000005","1448519887801779","1","-60","4.20310735880666","240.8203125","104","-0.000943522838670407"
"FFFFFFFFFFFFFFFFE2000005","1448519887801779","1","-60","4.20310735880666","240.8203125","104","-0.000943522838670407"
"FFFFFFFFFFFFFFFFE2000005","1448519887846745","1","-60","4.20310735880666","240.8203125","104","0.00182341147147778"
"FFFFFFFFFFFFFFFFE2000005","1448519887846745","1","-60","4.20310735880666","240.8203125","-78","0.00182341147147778"
"FFFFFFFFFFFFFFFFE2000005","1448519887846745","1","-60","4.20310735880666","240.8203125","-78","0.00182341147147778"
"FFFFFFFFFFFFFFFFE2000005","1448519887891043","1","-60","4.19083551250357","240.1171875","-78","0.00109404688288667"
"FFFFFFFFFFFFFFFFE2000005","1448519887891043","1","-60","4.19083551250357","240.1171875","104","0.00109404688288667"
"FFFFFFFFFFFFFFFFE2000005","1448519887891043","1","-60","4.19083551250357","240.1171875","104","0.00109404688288667"
"FFFFFFFFFFFFFFFFE2000005","1448519887937746","1","-60","4.12947628098815","236.6015625","104","-0.00223475816112763"
"FFFFFFFFFFFFFFFFE2000005","1448519887937746","1","-60","4.12947628098815","236.6015625","130","-0.00223475816112763"
"FFFFFFFFFFFFFFFFE2000005","1448519887937746","1","-60","4.12947628098815","236.6015625","130","-0.00223475816112763"
"FFFFFFFFFFFFFFFFE2000005","1448519887980142","1","-60","4.1662918198974","238.7109375","130","-0.0150523691797526"
"FFFFFFFFFFFFFFFFE2000005","1448519887980142","1","-60","4.1662918198974","238.7109375","78","-0.0150523691797526"
"FFFFFFFFFFFFFFFFE2000005","1448519887980142","1","-60","4.1662918198974","238.7109375","78","-0.0150523691797526"
"FFFFFFFFFFFFFFFFE2000005","1448519888029436","1","-60","4.2092432819582","241.171875","78","3.12568329706803E-05"
"FFFFFFFFFFFFFFFFE2000005","1448519888029436","1","-60","4.2092432819582","241.171875","-78","3.12568329706803E-05"
"FFFFFFFFFFFFFFFFE2000005","1448519888029436","1","-60","4.2092432819582","241.171875","-78","3.12568329706803E-05"
"FFFFFFFFFFFFFFFFE2000005","1448519888073557","1","-60","4.13561220413969","236.953125","-78","0.00911231916031209"
"FFFFFFFFFFFFFFFFE2000005","1448519888073557","1","-60","4.13561220413969","236.953125","156","0.00911231916031209"
"FFFFFFFFFFFFFFFFE2000005","1448519888073557","1","-60","4.13561220413969","236.953125","156","0.00911231916031209"
"FFFFFFFFFFFFFFFFE2000005","1448519888121088","1","-60","4.22765105141283","242.2265625","156","-0.0119493175964217"
"FFFFFFFFFFFFFFFFE2000005","1448519888121088","1","-60","4.22765105141283","242.2265625","-273","-0.0119493175964217"
"FFFFFFFFFFFFFFFFE2000005","1448519888121088","1","-60","4.22765105141283","242.2265625","-273","-0.0119493175964217"
"FFFFFFFFFFFFFFFFE2000005","1448519888164762","1","-60","4.17856366620049","239.4140625","-273","0.0130393946800706"
"FFFFFFFFFFFFFFFFE2000005","1448519888164762","1","-60","4.17856366620049","239.4140625","26","0.0130393946800706"
"FFFFFFFFFFFFFFFFE2000005","1448519888164762","1","-60","4.17856366620049","239.4140625","26","0.0130393946800706"
"FFFFFFFFFFFFFFFFE2000005","1448519888209841","1","-60","4.1662918198974","238.7109375","26","-0.00390634169747577"
"FFFFFFFFFFFFFFFFE2000005","1448519888209841","1","-60","4.1662918198974","238.7109375","26","-0.00390634169747577"
"FFFFFFFFFFFFFFFFE2000005","1448519888209841","1","-60","4.1662918198974","238.7109375","26","-0.00390634169747577"
"FFFFFFFFFFFFFFFFE2000005","1448519888258352","1","-60","4.17856366620049","239.4140625","26","-0.00518490110119581"
"FFFFFFFFFFFFFFFFE2000005","1448519888258352","1","-60","4.17856366620049","239.4140625","104","-0.00518490110119581"
"FFFFFFFFFFFFFFFFE2000005","1448519888258352","1","-60","4.17856366620049","239.4140625","104","-0.00518490110119581"
"FFFFFFFFFFFFFFFFE2000005","1448519888299128","1","-60","4.17242774304894","239.0625","104","-0.000470843150616687"
"FFFFFFFFFFFFFFFFE2000005","1448519888299128","1","-60","4.17242774304894","239.0625","-156","-0.000470843150616687"
"FFFFFFFFFFFFFFFFE2000005","1448519888299128","1","-60","4.17242774304894","239.0625","-156","-0.000470843150616687"
"FFFFFFFFFFFFFFFFE2000005","1448519888346624","1","-60","4.25833066717054","243.984375","-156","-0.00185296118653074"
"FFFFFFFFFFFFFFFFE2000005","1448519888346624","1","-60","4.25833066717054","243.984375","-481","-0.00185296118653074"
"FFFFFFFFFFFFFFFFE2000005","1448519888346624","1","-60","4.25833066717054","243.984375","-481","-0.00185296118653074"
"FFFFFFFFFFFFFFFFE2000005","1448519888393812","1","-60","4.18469958935203","239.765625","-481","0.0177638421230887"
"FFFFFFFFFFFFFFFFE2000005","1448519888393812","1","-60","4.18469958935203","239.765625","-52","0.0177638421230887"
"FFFFFFFFFFFFFFFFE2000005","1448519888393812","1","-60","4.18469958935203","239.765625","-52","0.0177638421230887"
"FFFFFFFFFFFFFFFFE2000005","1448519888437022","1","-60","4.18469958935203","239.765625","-52","-0.00562639892795655"
"FFFFFFFFFFFFFFFFE2000005","1448519888437022","1","-60","4.18469958935203","239.765625","-78","-0.00562639892795655"
"FFFFFFFFFFFFFFFFE2000005","1448519888437022","1","-60","4.18469958935203","239.765625","-78","-0.00562639892795655"
"FFFFFFFFFFFFFFFFE2000005","1448519888481329","1","-60","4.1662918198974","238.7109375","-78","-0.00337583935677393"
"FFFFFFFFFFFFFFFFE2000005","1448519888481329","1","-60","4.1662918198974","238.7109375","130","-0.00337583935677393"
"FFFFFFFFFFFFFFFFE2000005","1448519888481329","1","-60","4.1662918198974","238.7109375","130","-0.00337583935677393"
"FFFFFFFFFFFFFFFFE2000005","1448519888529890","1","-60","4.19083551250357","240.1171875","130","-0.0063614021282664"
"FFFFFFFFFFFFFFFFE2000005","1448519888529890","1","-60","4.19083551250357","240.1171875","0","-0.0063614021282664"
"FFFFFFFFFFFFFFFFE2000005","1448519888529890","1","-60","4.19083551250357","240.1171875","0","-0.0063614021282664"
"FFFFFFFFFFFFFFFFE2000005","1448519888572361","1","-60","4.19697143565511","240.46875","0","0.00145791708108468"
"FFFFFFFFFFFFFFFFE2000005","1448519888572361","1","-60","4.19697143565511","240.46875","-104","0.00145791708108468"
"FFFFFFFFFFFFFFFFE2000005","1448519888572361","1","-60","4.19697143565511","240.46875","-104","0.00145791708108468"
"FFFFFFFFFFFFFFFFE2000005","1448519888620202","1","-60","4.18469958935203","239.765625","-104","0.00238252932510886"
"FFFFFFFFFFFFFFFFE2000005","1448519888620202","1","-60","4.18469958935203","239.765625","0","0.00238252932510886"
"FFFFFFFFFFFFFFFFE2000005","1448519888620202","1","-60","4.18469958935203","239.765625","0","0.00238252932510886"
"FFFFFFFFFFFFFFFFE2000005","1448519888665844","1","-60","4.15401997359432","238.0078125","0","-0.00124755375194875"
"FFFFFFFFFFFFFFFFE2000005","1448519888665844","1","-60","4.15401997359432","238.0078125","-208","-0.00124755375194875"
"FFFFFFFFFFFFFFFFE2000005","1448519888665844","1","-61","4.15401997359432","238.0078125","-208","-0.00124755375194875"
"FFFFFFFFFFFFFFFFE2000005","1448519888708692","1","-61","4.15401997359432","238.0078125","-208","-0.00776365923467676"
"FFFFFFFFFFFFFFFFE2000005","1448519888708692","1","-61","4.15401997359432","238.0078125","78","-0.00776365923467676"
"FFFFFFFFFFFFFFFFE2000005","1448519888708692","1","-60","4.15401997359432","238.0078125","78","-0.00776365923467676"
"FFFFFFFFFFFFFFFFE2000005","1448519888755202","1","-60","4.14788405044277","237.65625","78","-0.00465819554080606"
"FFFFFFFFFFFFFFFFE2000005","1448519888755202","1","-60","4.14788405044277","237.65625","0","-0.00465819554080606"
"FFFFFFFFFFFFFFFFE2000005","1448519888755202","1","-60","4.14788405044277","237.65625","0","-0.00465819554080606"
"FFFFFFFFFFFFFFFFE2000005","1448519888801474","1","-60","4.1233403578366","236.25","0","-0.00417175854478572"
"FFFFFFFFFFFFFFFFE2000005","1448519888801474","1","-60","4.1233403578366","236.25","130","-0.00417175854478572"
"FFFFFFFFFFFFFFFFE2000005","1448519888801474","1","-60","4.1233403578366","236.25","130","-0.00417175854478572"
"FFFFFFFFFFFFFFFFE2000005","1448519888848063","1","-60","4.1233403578366","236.25","130","-0.00803874713553758"
"FFFFFFFFFFFFFFFFE2000005","1448519888848063","1","-60","4.1233403578366","236.25","52","-0.00803874713553758"
"FFFFFFFFFFFFFFFFE2000005","1448519888848063","1","-61","4.1233403578366","236.25","52","-0.00803874713553758"
"FFFFFFFFFFFFFFFFE2000005","1448519888892378","1","-61","4.19697143565511","240.46875","52","-0.00482324828132255"
"FFFFFFFFFFFFFFFFE2000005","1448519888892378","1","-61","4.19697143565511","240.46875","-351","-0.00482324828132255"
"FFFFFFFFFFFFFFFFE2000005","1448519888892378","1","-60","4.19697143565511","240.46875","-351","-0.00482324828132255"
"FFFFFFFFFFFFFFFFE2000005","1448519888939172","1","-60","4.13561220413969","236.953125","-351","0.0144465141221463"
"FFFFFFFFFFFFFFFFE2000005","1448519888939172","1","-60","4.13561220413969","236.953125","52","0.0144465141221463"
"FFFFFFFFFFFFFFFFE2000005","1448519888939172","1","-60","4.13561220413969","236.953125","52","0.0144465141221463"
"FFFFFFFFFFFFFFFFE2000005","1448519888981612","1","-60","4.15401997359432","238.0078125","52","-0.00501694111346477"
"FFFFFFFFFFFFFFFFE2000005","1448519888981612","1","-60","4.15401997359432","238.0078125","-208","-0.00501694111346477"
"FFFFFFFFFFFFFFFFE2000005","1448519888981612","1","-60","4.15401997359432","238.0078125","-208","-0.00501694111346477"
"FFFFFFFFFFFFFFFFE2000005","1448519889026999","1","-60","4.09266074207889","234.4921875","-208","0.00151647660121308"
"FFFFFFFFFFFFFFFFE2000005","1448519889026999","1","-60","4.09266074207889","234.4921875","273","0.00151647660121308"
"FFFFFFFFFFFFFFFFE2000005","1448519889026999","1","-60","4.09266074207889","234.4921875","273","0.00151647660121308"
"FFFFFFFFFFFFFFFFE2000005","1448519889072511","1","-60","4.2092432819582","241.171875","273","-0.0131991948677583"
"FFFFFFFFFFFFFFFFE2000005","1448519889072511","1","-60","4.2092432819582","241.171875","-208","-0.0131991948677583"
"FFFFFFFFFFFFFFFFE2000005","1448519889072511","1","-60","4.2092432819582","241.171875","-208","-0.0131991948677583"
"FFFFFFFFFFFFFFFFE2000005","1448519889118665","1","-60","4.17856366620049","239.4140625","-208","0.0188141097705199"
"FFFFFFFFFFFFFFFFE2000005","1448519889118665","1","-60","4.17856366620049","239.4140625","-325","0.0188141097705199"
"FFFFFFFFFFFFFFFFE2000005","1448519889118665","1","-60","4.17856366620049","239.4140625","-325","0.0188141097705199"
"FFFFFFFFFFFFFFFFE2000005","1448519889166374","1","-60","4.14174812729123","237.3046875","-325","0.00435115976140519"
"FFFFFFFFFFFFFFFFE2000005","1448519889166374","1","-60","4.14174812729123","237.3046875","130","0.00435115976140519"
"FFFFFFFFFFFFFFFFE2000005","1448519889166374","1","-61","4.14174812729123","237.3046875","130","0.00435115976140519"
"FFFFFFFFFFFFFFFFE2000005","1448519889210948","1","-61","4.17242774304894","239.0625","130","-0.00544273873490058"
"FFFFFFFFFFFFFFFFE2000005","1448519889210948","1","-61","4.17242774304894","239.0625","-156","-0.00544273873490058"
"FFFFFFFFFFFFFFFFE2000005","1448519889210948","1","-60","4.17242774304894","239.0625","-156","-0.00544273873490058"
"FFFFFFFFFFFFFFFFE2000005","1448519889258205","1","-60","4.14174812729123","237.3046875","-156","0.00391756728046787"
"FFFFFFFFFFFFFFFFE2000005","1448519889258205","1","-60","4.14174812729123","237.3046875","156","0.00391756728046787"
"FFFFFFFFFFFFFFFFE2000005","1448519889258205","1","-60","4.14174812729123","237.3046875","156","0.00391756728046787"
"FFFFFFFFFFFFFFFFE2000005","1448519889304005","1","-60","4.16015589674586","238.359375","156","-0.0044248458344247"
"FFFFFFFFFFFFFFFFE2000005","1448519889304005","1","-60","4.16015589674586","238.359375","52","-0.0044248458344247"
"FFFFFFFFFFFFFFFFE2000005","1448519889304005","1","-60","4.16015589674586","238.359375","52","-0.0044248458344247"
"FFFFFFFFFFFFFFFFE2000005","1448519889347587","1","-60","4.1233403578366","236.25","52","0.0015396482956061"
"FFFFFFFFFFFFFFFFE2000005","1448519889347587","1","-60","4.1233403578366","236.25","156","0.0015396482956061"
"FFFFFFFFFFFFFFFFE2000005","1448519889347587","1","-60","4.1233403578366","236.25","156","0.0015396482956061"
"FFFFFFFFFFFFFFFFE2000005","1448519889393403","1","-60","4.19083551250357","240.1171875","156","-0.00789226606686331"
"FFFFFFFFFFFFFFFFE2000005","1448519889393403","1","-60","4.19083551250357","240.1171875","-156","-0.00789226606686331"
"FFFFFFFFFFFFFFFFE2000005","1448519889393403","1","-60","4.19083551250357","240.1171875","-156","-0.00789226606686331"
"FFFFFFFFFFFFFFFFE2000005","1448519889440214","1","-60","4.16015589674586","238.359375","-156","0.0106393072168479"
"FFFFFFFFFFFFFFFFE2000005","1448519889440214","1","-60","4.16015589674586","238.359375","-182","0.0106393072168479"
"FFFFFFFFFFFFFFFFE2000005","1448519889440214","1","-60","4.16015589674586","238.359375","-182","0.0106393072168479"
"FFFFFFFFFFFFFFFFE2000005","1448519889484344","1","-60","4.18469958935203","239.765625","-182","-0.000456355551142448"
"FFFFFFFFFFFFFFFFE2000005","1448519889484344","1","-60","4.18469958935203","239.765625","-247","-0.000456355551142448"
"FFFFFFFFFFFFFFFFE2000005","1448519889484344","1","-61","4.18469958935203","239.765625","-247","-0.000456355551142448"
"FFFFFFFFFFFFFFFFE2000005","1448519889529331","1","-61","4.09266074207889","234.4921875","-247","0.00553057236215387"
"FFFFFFFFFFFFFFFFE2000005","1448519889529331","1","-61","4.09266074207889","234.4921875","182","0.00553057236215387"
"FFFFFFFFFFFFFFFFE2000005","1448519889529331","1","-61","4.09266074207889","234.4921875","182","0.00553057236215387"
"FFFFFFFFFFFFFFFFE2000005","1448519889575383","1","-61","4.17856366620049","239.4140625","182","-0.0180334532649437"
"FFFFFFFFFFFFFFFFE2000005","1448519889575383","1","-61","4.17856366620049","239.4140625","-299","-0.0180334532649437"
"FFFFFFFFFFFFFFFFE2000005","1448519889575383","1","-60","4.17856366620049","239.4140625","-299","-0.0180334532649437"
"FFFFFFFFFFFFFFFFE2000005","1448519889620164","1","-60","4.04357335686655","231.6796875","-299","0.00864740811111762"
"FFFFFFFFFFFFFFFFE2000005","1448519889620164","1","-60","4.04357335686655","231.6796875","156","0.00864740811111762"
"FFFFFFFFFFFFFFFFE2000005","1448519889620164","1","-61","4.04357335686655","231.6796875","156","0.00864740811111762"
"FFFFFFFFFFFFFFFFE2000005","1448519889666239","1","-61","4.11106851153352","235.546875","156","-0.02627158223048"
"FFFFFFFFFFFFFFFFE2000005","1448519889666239","1","-61","4.11106851153352","235.546875","-247","-0.02627158223048"
"FFFFFFFFFFFFFFFFE2000005","1448519889666239","1","-61","4.11106851153352","235.546875","-247","-0.02627158223048"
"FFFFFFFFFFFFFFFFE2000005","1448519889683130","1","-61","3.97607820219958","227.8125","-247","-0.000474707629796411"
"FFFFFFFFFFFFFFFFE2000005","1448519889683130","1","-61","3.97607820219958","227.8125","299","-0.000474707629796411"
"FFFFFFFFFFFFFFFFE2000005","1448519889683130","1","-60","3.97607820219958","227.8125","299","-0.000474707629796411"
"FFFFFFFFFFFFFFFFE2000005","1448519889724692","1","-60","4.05584520316964","232.3828125","299","-0.0836908676444518"
"FFFFFFFFFFFFFFFFE2000005","1448519889724692","1","-60","4.05584520316964","232.3828125","-78","-0.0836908676444518"
"FFFFFFFFFFFFFFFFE2000005","1448519889724692","1","-61","4.05584520316964","232.3828125","-78","-0.0836908676444518"
"FFFFFFFFFFFFFFFFE2000005","1448519889773433","1","-61","3.97607820219958","227.8125","-78","-0.0301846975023332"
"FFFFFFFFFFFFFFFFE2000005","1448519889773433","1","-61","3.97607820219958","227.8125","-130","-0.0301846975023332"
"FFFFFFFFFFFFFFFFE2000005","1448519889773433","1","-60","3.97607820219958","227.8125","-130","-0.0301846975023332"
"FFFFFFFFFFFFFFFFE2000005","1448519889819503","1","-60","3.95153450959341","226.40625","-130","-0.0351904743769718"
"FFFFFFFFFFFFFFFFE2000005","1448519889819503","1","-60","3.95153450959341","226.40625","-78","-0.0351904743769718"
"FFFFFFFFFFFFFFFFE2000005","1448519889819503","1","-60","3.95153450959341","226.40625","-78","-0.0351904743769718"
"FFFFFFFFFFFFFFFFE2000005","1448519889865063","1","-60","3.93926266329033","225.703125","-78","-0.0266742486076244"
"FFFFFFFFFFFFFFFFE2000005","1448519889865063","1","-60","3.93926266329033","225.703125","-130","-0.0266742486076244"
"FFFFFFFFFFFFFFFFE2000005","1448519889865063","1","-60","3.93926266329033","225.703125","-130","-0.0266742486076244"
"FFFFFFFFFFFFFFFFE2000005","1448519889910063","1","-60","3.93312674013878","225.3515625","-130","-0.0188156503566839"
"FFFFFFFFFFFFFFFFE2000005","1448519889910063","1","-60","3.93312674013878","225.3515625","0","-0.0188156503566839"
"FFFFFFFFFFFFFFFFE2000005","1448519889910063","1","-60","3.93312674013878","225.3515625","0","-0.0188156503566839"
"FFFFFFFFFFFFFFFFE2000005","1448519889955984","1","-60","3.99448597165421","228.8671875","0","-0.0127124321063715"
"FFFFFFFFFFFFFFFFE2000005","1448519889955984","1","-60","3.99448597165421","228.8671875","-104","-0.0127124321063715"
"FFFFFFFFFFFFFFFFE2000005","1448519889955984","1","-59","3.99448597165421","228.8671875","-104","-0.0127124321063715"
"FFFFFFFFFFFFFFFFE2000005","1448519889998258","1","-59","4.02516558741192","230.625","-104","0.00631755176735022"
"FFFFFFFFFFFFFFFFE2000005","1448519889998258","1","-59","4.02516558741192","230.625","-130","0.00631755176735022"
"FFFFFFFFFFFFFFFFE2000005","1448519889998258","1","-59","4.02516558741192","230.625","-130","0.00631755176735022"
"FFFFFFFFFFFFFFFFE2000005","1448519890045487","1","-59","4.02516558741192","230.625","-130","0.0113645582587176"
"FFFFFFFFFFFFFFFFE2000005","1448519890045487","1","-59","4.02516558741192","230.625","182","0.0113645582587176"
"FFFFFFFFFFFFFFFFE2000005","1448519890045487","1","-59","4.02516558741192","230.625","182","0.0113645582587176"
"FFFFFFFFFFFFFFFFE2000005","1448519890091144","1","-59","4.12947628098815","236.6015625","182","0.00681873495523056"
"FFFFFFFFFFFFFFFFE2000005","1448519890091144","1","-59","4.12947628098815","236.6015625","104","0.00681873495523056"
"FFFFFFFFFFFFFFFFE2000005","1448519890091144","1","-58","4.12947628098815","236.6015625","104","0.00681873495523056"
"FFFFFFFFFFFFFFFFE2000005","1448519890137842","1","-58","4.19697143565511","240.46875","104","0.0279348366464469"
"FFFFFFFFFFFFFFFFE2000005","1448519890137842","1","-58","4.19697143565511","240.46875","52","0.0279348366464469"
"FFFFFFFFFFFFFFFFE2000005","1448519890137842","1","-59","4.19697143565511","240.46875","52","0.0279348366464469"
"FFFFFFFFFFFFFFFFE2000005","1448519890182896","1","-59","4.26446659032208","244.3359375","52","0.031845182614849"
"FFFFFFFFFFFFFFFFE2000005","1448519890182896","1","-59","4.26446659032208","244.3359375","182","0.031845182614849"
"FFFFFFFFFFFFFFFFE2000005","1448519890182896","1","-59","4.26446659032208","244.3359375","182","0.031845182614849"
"FFFFFFFFFFFFFFFFE2000005","1448519890228825","1","-59","4.31968989868597","247.5","182","0.0347418087458693"
"FFFFFFFFFFFFFFFFE2000005","1448519890228825","1","-59","4.31968989868597","247.5","-78","0.0347418087458693"
"FFFFFFFFFFFFFFFFE2000005","1448519890228825","1","-59","4.31968989868597","247.5","-78","0.0347418087458693"
"FFFFFFFFFFFFFFFFE2000005","1448519890271266","1","-59","4.27060251347362","244.6875","-78","0.0333934091040447"
"FFFFFFFFFFFFFFFFE2000005","1448519890271266","1","-59","4.27060251347362","244.6875","104","0.0333934091040447"
"FFFFFFFFFFFFFFFFE2000005","1448519890271266","1","-59","4.27060251347362","244.6875","104","0.0333934091040447"
"FFFFFFFFFFFFFFFFE2000005","1448519890319177","1","-59","4.34423359129214","248.90625","104","0.00796528649703955"
"FFFFFFFFFFFFFFFFE2000005","1448519890319177","1","-59","4.34423359129214","248.90625","130","0.00796528649703955"
"FFFFFFFFFFFFFFFFE2000005","1448519890319177","1","-59","4.34423359129214","248.90625","130","0.00796528649703955"
"FFFFFFFFFFFFFFFFE2000005","1448519890366497","1","-59","4.33809766814059","248.5546875","130","0.0208181320926467"
"FFFFFFFFFFFFFFFFE2000005","1448519890366497","1","-59","4.33809766814059","248.5546875","104","0.0208181320926467"
"FFFFFFFFFFFFFFFFE2000005","1448519890366497","1","-60","4.33809766814059","248.5546875","104","0.0208181320926467"
"FFFFFFFFFFFFFFFFE2000005","1448519890409305","1","-60","4.35650543759522","249.609375","104","0.0111376061119648"
"FFFFFFFFFFFFFFFFE2000005","1448519890409305","1","-60","4.35650543759522","249.609375","78","0.0111376061119648"
"FFFFFFFFFFFFFFFFE2000005","1448519890409305","1","-59","4.35650543759522","249.609375","78","0.0111376061119648"
"FFFFFFFFFFFFFFFFE2000005","1448519890456134","1","-59","4.31968989868597","247.5","78","0.0111702915560957"
"FFFFFFFFFFFFFFFFE2000005","1448519890456134","1","-59","4.31968989868597","247.5","104","0.0111702915560957"
"FFFFFFFFFFFFFFFFE2000005","1448519890456134","1","-59","4.31968989868597","247.5","104","0.0111702915560957"
"FFFFFFFFFFFFFFFFE2000005","1448519890499530","1","-59","4.33196174498905","248.203125","104","-0.00150259798349862"
"FFFFFFFFFFFFFFFFE2000005","1448519890499530","1","-59","4.33196174498905","248.203125","0","-0.00150259798349862"
"FFFFFFFFFFFFFFFFE2000005","1448519890499530","1","-60","4.33196174498905","248.203125","0","-0.00150259798349862"
"FFFFFFFFFFFFFFFFE2000005","1448519890547793","1","-60","4.33196174498905","248.203125","0","0.00204972174986995"
"FFFFFFFFFFFFFFFFE2000005","1448519890547793","1","-60","4.33196174498905","248.203125","-52","0.00204972174986995"
"FFFFFFFFFFFFFFFFE2000005","1448519890547793","1","-60","4.33196174498905","248.203125","-52","0.00204972174986995"
"FFFFFFFFFFFFFFFFE2000005","1448519890589713","1","-60","4.31968989868597","247.5","-52","0.00122983304992197"
"FFFFFFFFFFFFFFFFE2000005","1448519890589713","1","-60","4.31968989868597","247.5","52","0.00122983304992197"
"FFFFFFFFFFFFFFFFE2000005","1448519890589713","1","-60","4.31968989868597","247.5","52","0.00122983304992197"
"FFFFFFFFFFFFFFFFE2000005","1448519890637844","1","-60","4.27673843662517","245.0390625","52","-0.00231729507253966"
"FFFFFFFFFFFFFFFFE2000005","1448519890637844","1","-60","4.27673843662517","245.0390625","182","-0.00231729507253966"
"FFFFFFFFFFFFFFFFE2000005","1448519890637844","1","-60","4.27673843662517","245.0390625","182","-0.00231729507253966"
"FFFFFFFFFFFFFFFFE2000005","1448519890684192","1","-60","4.32582582183751","247.8515625","182","-0.0107036719281875"
"FFFFFFFFFFFFFFFFE2000005","1448519890684192","1","-60","4.32582582183751","247.8515625","104","-0.0107036719281875"
"FFFFFFFFFFFFFFFFE2000005","1448519890684192","1","-60","4.32582582183751","247.8515625","104","-0.0107036719281875"
"FFFFFFFFFFFFFFFFE2000005","1448519890727807","1","-60","4.35036951444368","249.2578125","104","0.00463102635137263"
"FFFFFFFFFFFFFFFFE2000005","1448519890727807","1","-60","4.35036951444368","249.2578125","0","0.00463102635137263"
"FFFFFFFFFFFFFFFFE2000005","1448519890727807","1","-60","4.35036951444368","249.2578125","0","0.00463102635137263"
"FFFFFFFFFFFFFFFFE2000005","1448519890771960","1","-60","4.25833066717054","243.984375","0","0.00865153890207659"
"FFFFFFFFFFFFFFFFE2000005","1448519890771960","1","-60","4.25833066717054","243.984375","299","0.00865153890207659"
"FFFFFFFFFFFFFFFFE2000005","1448519890771960","1","-60","4.25833066717054","243.984375","299","0.00865153890207659"
"FFFFFFFFFFFFFFFFE2000005","1448519890820049","1","-60","4.27673843662517","245.0390625","299","-0.0165641845187805"
"FFFFFFFFFFFFFFFFE2000005","1448519890820049","1","-60","4.27673843662517","245.0390625","52","-0.0165641845187805"
"FFFFFFFFFFFFFFFFE2000005","1448519890820049","1","-60","4.27673843662517","245.0390625","52","-0.0165641845187805"
"FFFFFFFFFFFFFFFFE2000005","1448519890866048","1","-60","4.27673843662517","245.0390625","52","-0.0059436125959249"
"FFFFFFFFFFFFFFFFE2000005","1448519890866048","1","-60","4.27673843662517","245.0390625","273","-0.0059436125959249"
"FFFFFFFFFFFFFFFFE2000005","1448519890866048","1","-60","4.27673843662517","245.0390625","273","-0.0059436125959249"
"FFFFFFFFFFFFFFFFE2000005","1448519890910570","1","-60","4.27060251347362","244.6875","273","-0.00356616755755494"
"FFFFFFFFFFFFFFFFE2000005","1448519890910570","1","-60","4.27060251347362","244.6875","78","-0.00356616755755494"
"FFFFFFFFFFFFFFFFE2000005","1448519890910570","1","-60","4.27060251347362","244.6875","78","-0.00356616755755494"
"FFFFFFFFFFFFFFFFE2000005","1448519890956956","1","-60","4.27060251347362","244.6875","78","-0.00357802058206565"
"FFFFFFFFFFFFFFFFE2000005","1448519890956956","1","-60","4.27060251347362","244.6875","156","-0.00357802058206565"
"FFFFFFFFFFFFFFFFE2000005","1448519890956956","1","-59","4.27060251347362","244.6875","156","-0.00357802058206565"
"FFFFFFFFFFFFFFFFE2000005","1448519891000850","1","-59","4.30741805238288","246.796875","156","-0.00214681234923939"
"FFFFFFFFFFFFFFFFE2000005","1448519891000850","1","-59","4.30741805238288","246.796875","78","-0.00214681234923939"
"FFFFFFFFFFFFFFFFE2000005","1448519891000850","1","-59","4.30741805238288","246.796875","78","-0.00214681234923939"
"FFFFFFFFFFFFFFFFE2000005","1448519891046503","1","-59","4.26446659032208","244.3359375","78","0.00746530282459999"
"FFFFFFFFFFFFFFFFE2000005","1448519891046503","1","-59","4.26446659032208","244.3359375","130","0.00746530282459999"
"FFFFFFFFFFFFFFFFE2000005","1448519891046503","1","-60","4.26446659032208","244.3359375","130","0.00746530282459999"
"FFFFFFFFFFFFFFFFE2000005","1448519891094043","1","-60","4.26446659032208","244.3359375","130","-0.00533962968880188"
"FFFFFFFFFFFFFFFFE2000005","1448519891094043","1","-60","4.26446659032208","244.3359375","130","-0.00533962968880188"
"FFFFFFFFFFFFFFFFE2000005","1448519891094043","1","-59","4.26446659032208","244.3359375","130","-0.00533962968880188"
"FFFFFFFFFFFFFFFFE2000005","1448519891137740","1","-59","4.28287435977671","245.390625","130","-0.00320377781328113"
"FFFFFFFFFFFFFFFFE2000005","1448519891137740","1","-59","4.28287435977671","245.390625","26","-0.00320377781328113"
"FFFFFFFFFFFFFFFFE2000005","1448519891137740","1","-59","4.28287435977671","245.390625","26","-0.00320377781328113"
"FFFFFFFFFFFFFFFFE2000005","1448519891185611","1","-59","4.29514620607979","246.09375","26","0.00247415996531988"
"FFFFFFFFFFFFFFFFE2000005","1448519891185611","1","-59","4.29514620607979","246.09375","-26","0.00247415996531988"
"FFFFFFFFFFFFFFFFE2000005","1448519891185611","1","-59","4.29514620607979","246.09375","-26","0.00247415996531988"
"FFFFFFFFFFFFFFFFE2000005","1448519891230775","1","-59","4.31968989868597","247.5","-26","0.00415988964785354"
"FFFFFFFFFFFFFFFFE2000005","1448519891230775","1","-59","4.31968989868597","247.5","-221","0.00415988964785354"
"FFFFFFFFFFFFFFFFE2000005","1448519891230775","1","-58","4.31968989868597","247.5","-221","0.00415988964785354"
"FFFFFFFFFFFFFFFFE2000005","1448519891275508","1","-58","4.22765105141283","242.2265625","-221","0.00816743189837911"
"FFFFFFFFFFFFFFFFE2000005","1448519891275508","1","-58","4.22765105141283","242.2265625","130","0.00816743189837911"
"FFFFFFFFFFFFFFFFE2000005","1448519891275508","1","-58","4.22765105141283","242.2265625","130","0.00816743189837911"
"FFFFFFFFFFFFFFFFE2000005","1448519891319875","1","-58","4.17242774304894","239.0625","130","-0.0165725759210792"
"FFFFFFFFFFFFFFFFE2000005","1448519891319875","1","-58","4.17242774304894","239.0625","-26","-0.0165725759210792"
"FFFFFFFFFFFFFFFFE2000005","1448519891319875","1","-58","4.17242774304894","239.0625","-26","-0.0165725759210792"
"FFFFFFFFFFFFFFFFE2000005","1448519891363245","1","-58","4.11720443468506","235.8984375","-26","-0.0229336500538815"
"FFFFFFFFFFFFFFFFE2000005","1448519891363245","1","-58","4.11720443468506","235.8984375","-208","-0.0229336500538815"
"FFFFFFFFFFFFFFFFE2000005","1448519891363245","1","-58","4.11720443468506","235.8984375","-208","-0.0229336500538815"
"FFFFFFFFFFFFFFFFE2000005","1448519891413143","1","-58","4.02516558741192","230.625","-208","-0.0270489141828074"
"FFFFFFFFFFFFFFFFE2000005","1448519891413143","1","-58","4.02516558741192","230.625","-130","-0.0270489141828074"
"FFFFFFFFFFFFFFFFE2000005","1448519891413143","1","-58","4.02516558741192","230.625","-130","-0.0270489141828074"
"FFFFFFFFFFFFFFFFE2000005","1448519891453747","1","-58","3.98221412535112","228.1640625","-130","-0.0354796847424743"
"FFFFFFFFFFFFFFFFE2000005","1448519891453747","1","-58","3.98221412535112","228.1640625","-130","-0.0354796847424743"
"FFFFFFFFFFFFFFFFE2000005","1448519891453747","1","-58","3.98221412535112","228.1640625","-130","-0.0354796847424743"
"FFFFFFFFFFFFFFFFE2000005","1448519891501663","1","-58","3.92699081698724","225","-130","-0.0323275654532511"
"FFFFFFFFFFFFFFFFE2000005","1448519891501663","1","-58","3.92699081698724","225","-78","-0.0323275654532511"
"FFFFFFFFFFFFFFFFE2000005","1448519891501663","1","-59","3.92699081698724","225","-78","-0.0323275654532511"
"FFFFFFFFFFFFFFFFE2000005","1448519891546377","1","-59","3.86563158547182","221.484375","-78","-0.0314245041773319"
"FFFFFFFFFFFFFFFFE2000005","1448519891546377","1","-59","3.86563158547182","221.484375","-78","-0.0314245041773319"
"FFFFFFFFFFFFFFFFE2000005","1448519891546377","1","-59","3.86563158547182","221.484375","-78","-0.0314245041773319"
"FFFFFFFFFFFFFFFFE2000005","1448519891594160","1","-59","3.8349519697141","219.7265625","-78","-0.0331761421352067"
"FFFFFFFFFFFFFFFFE2000005","1448519891594160","1","-59","3.8349519697141","219.7265625","0","-0.0331761421352067"
"FFFFFFFFFFFFFFFFE2000005","1448519891594160","1","-59","3.8349519697141","219.7265625","0","-0.0331761421352067"
"FFFFFFFFFFFFFFFFE2000005","1448519891636613","1","-59","3.86563158547182","221.484375","0","-0.0266064873609694"
"FFFFFFFFFFFFFFFFE2000005","1448519891636613","1","-59","3.86563158547182","221.484375","-208","-0.0266064873609694"
"FFFFFFFFFFFFFFFFE2000005","1448519891636613","1","-59","3.86563158547182","221.484375","-208","-0.0266064873609694"
"FFFFFFFFFFFFFFFFE2000005","1448519891682289","1","-59","3.81040827710793","218.3203125","-208","-0.00842180055543517"
"FFFFFFFFFFFFFFFFE2000005","1448519891682289","1","-59","3.81040827710793","218.3203125","182","-0.00842180055543517"
"FFFFFFFFFFFFFFFFE2000005","1448519891682289","1","-60","3.81040827710793","218.3203125","182","-0.00842180055543517"
"FFFFFFFFFFFFFFFFE2000005","1448519891728484","1","-60","3.81654420025948","218.671875","182","-0.0176709095303504"
"FFFFFFFFFFFFFFFFE2000005","1448519891728484","1","-60","3.81654420025948","218.671875","156","-0.0176709095303504"
"FFFFFFFFFFFFFFFFE2000005","1448519891728484","1","-60","3.81654420025948","218.671875","156","-0.0176709095303504"
"FFFFFFFFFFFFFFFFE2000005","1448519891774801","1","-60","3.85949566232027","221.1328125","156","-0.00921631592805437"
"FFFFFFFFFFFFFFFFE2000005","1448519891774801","1","-60","3.85949566232027","221.1328125","130","-0.00921631592805437"
"FFFFFFFFFFFFFFFFE2000005","1448519891774801","1","-60","3.85949566232027","221.1328125","130","-0.00921631592805437"
"FFFFFFFFFFFFFFFFE2000005","1448519891816876","1","-60","3.90858304753261","223.9453125","130","0.00414825945527417"
"FFFFFFFFFFFFFFFFE2000005","1448519891816876","1","-60","3.90858304753261","223.9453125","-299","0.00414825945527417"
"FFFFFFFFFFFFFFFFE2000005","1448519891816876","1","-60","3.90858304753261","223.9453125","-299","0.00414825945527417"
"FFFFFFFFFFFFFFFFE2000005","1448519891866687","1","-60","3.90858304753261","223.9453125","-299","0.0146647151799975"
"FFFFFFFFFFFFFFFFE2000005","1448519891866687","1","-60","3.90858304753261","223.9453125","78","0.0146647151799975"
"FFFFFFFFFFFFFFFFE2000005","1448519891866687","1","-60","3.90858304753261","223.9453125","78","0.0146647151799975"
"FFFFFFFFFFFFFFFFE2000005","1448519891909906","1","-60","3.90244712438107","223.59375","78","0.00879882910799852"
"FFFFFFFFFFFFFFFFE2000005","1448519891909906","1","-60","3.90244712438107","223.59375","182","0.00879882910799852"
"FFFFFFFFFFFFFFFFE2000005","1448519891909906","1","-60","3.90244712438107","223.59375","182","0.00879882910799852"
"FFFFFFFFFFFFFFFFE2000005","1448519891956841","1","-60","3.90858304753261","223.9453125","182","0.00379761382667121"
"FFFFFFFFFFFFFFFFE2000005","1448519891956841","1","-60","3.90858304753261","223.9453125","52","0.00379761382667121"
"FFFFFFFFFFFFFFFFE2000005","1448519891956841","1","-60","3.90858304753261","223.9453125","52","0.00379761382667121"
"FFFFFFFFFFFFFFFFE2000005","1448519892002547","1","-60","3.95153450959341","226.40625","52","0.00364294211418212"
"FFFFFFFFFFFFFFFFE2000005","1448519892002547","1","-60","3.95153450959341","226.40625","-78","0.00364294211418212"
"FFFFFFFFFFFFFFFFE2000005","1448519892002547","1","-61","3.95153450959341","226.40625","-78","0.00364294211418212"
"FFFFFFFFFFFFFFFFE2000005","1448519892048059","1","-61","3.86563158547182","221.484375","-78","0.0119931909039565"
"FFFFFFFFFFFFFFFFE2000005","1448519892048059","1","-61","3.86563158547182","221.484375","299","0.0119931909039565"
"FFFFFFFFFFFFFFFFE2000005","1448519892048059","1","-60","3.86563158547182","221.484375","299","0.0119931909039565"
"FFFFFFFFFFFFFFFFE2000005","1448519892093926","1","-60","3.90858304753261","223.9453125","299","-0.0125025472300707"
"FFFFFFFFFFFFFFFFE2000005","1448519892093926","1","-60","3.90858304753261","223.9453125","-26","-0.0125025472300707"
"FFFFFFFFFFFFFFFFE2000005","1448519892093926","1","-61","3.90858304753261","223.9453125","-26","-0.0125025472300707"
"FFFFFFFFFFFFFFFFE2000005","1448519892139488","1","-61","4.00062189480575","229.21875","-26","0.00227147177301234"
"FFFFFFFFFFFFFFFFE2000005","1448519892139488","1","-61","4.00062189480575","229.21875","-130","0.00227147177301234"
"FFFFFFFFFFFFFFFFE2000005","1448519892139488","1","-60","4.00062189480575","229.21875","-130","0.00227147177301234"
"FFFFFFFFFFFFFFFFE2000005","1448519892184356","1","-60","4.00062189480575","229.21875","-130","0.0224452165290581"
"FFFFFFFFFFFFFFFFE2000005","1448519892184356","1","-60","4.00062189480575","229.21875","-78","0.0224452165290581"
"FFFFFFFFFFFFFFFFE2000005","1448519892184356","1","-61","4.00062189480575","229.21875","-78","0.0224452165290581"
"FFFFFFFFFFFFFFFFE2000005","1448519892229830","1","-61","3.93926266329033","225.703125","-78","0.0134671299174348"
"FFFFFFFFFFFFFFFFE2000005","1448519892229830","1","-61","3.93926266329033","225.703125","104","0.0134671299174348"
"FFFFFFFFFFFFFFFFE2000005","1448519892229830","1","-61","3.93926266329033","225.703125","104","0.0134671299174348"
"FFFFFFFFFFFFFFFFE2000005","1448519892277570","1","-61","3.97607820219958","227.8125","104","-0.00600180965042092"
"FFFFFFFFFFFFFFFFE2000005","1448519892277570","1","-61","3.97607820219958","227.8125","325","-0.00600180965042092"
"FFFFFFFFFFFFFFFFE2000005","1448519892277570","1","-61","3.97607820219958","227.8125","325","-0.00600180965042092"
"FFFFFFFFFFFFFFFFE2000005","1448519892321445","1","-61","4.05584520316964","232.3828125","325","0.00444711929850949"
"FFFFFFFFFFFFFFFFE2000005","1448519892321445","1","-61","4.05584520316964","232.3828125","-299","0.00444711929850949"
"FFFFFFFFFFFFFFFFE2000005","1448519892321445","1","-61","4.05584520316964","232.3828125","-299","0.00444711929850949"
"FFFFFFFFFFFFFFFFE2000005","1448519892363926","1","-61","3.98221412535112","228.1640625","-299","0.0216421634772538"
"FFFFFFFFFFFFFFFFE2000005","1448519892363926","1","-61","3.98221412535112","228.1640625","182","0.0216421634772538"
"FFFFFFFFFFFFFFFFE2000005","1448519892363926","1","-61","3.98221412535112","228.1640625","182","0.0216421634772538"
"FFFFFFFFFFFFFFFFE2000005","1448519892412996","1","-61","4.03743743371501","231.328125","182","-0.00510379166847927"
"FFFFFFFFFFFFFFFFE2000005","1448519892412996","1","-61","4.03743743371501","231.328125","52","-0.00510379166847927"
"FFFFFFFFFFFFFFFFE2000005","1448519892412996","1","-61","4.03743743371501","231.328125","52","-0.00510379166847927"
"FFFFFFFFFFFFFFFFE2000005","1448519892456277","1","-61","4.11106851153352","235.546875","52","0.00868282315269785"
"FFFFFFFFFFFFFFFFE2000005","1448519892456277","1","-61","4.11106851153352","235.546875","-156","0.00868282315269785"
"FFFFFFFFFFFFFFFFE2000005","1448519892456277","1","-60","4.11106851153352","235.546875","-156","0.00868282315269785"
"FFFFFFFFFFFFFFFFE2000005","1448519892503637","1","-60","4.07425297262426","233.4375","-156","0.0229644274207654"
"FFFFFFFFFFFFFFFFE2000005","1448519892503637","1","-60","4.07425297262426","233.4375","0","0.0229644274207654"
"FFFFFFFFFFFFFFFFE2000005","1448519892503637","1","-61","4.07425297262426","233.4375","0","0.0229644274207654"
"FFFFFFFFFFFFFFFFE2000005","1448519892549245","1","-61","4.02516558741192","230.625","0","0.00566587539381273"
"FFFFFFFFFFFFFFFFE2000005","1448519892549245","1","-61","4.02516558741192","230.625","208","0.00566587539381273"
"FFFFFFFFFFFFFFFFE2000005","1448519892549245","1","-61","4.02516558741192","230.625","208","0.00566587539381273"
